Workbook

Sheet Product
A2: Assume you have the following datadets in different worksheets :
A4: Worksheet 1:Products
A6: Product ID | B6: Product | C6: Category | D6: Price
A7: 101 | B7: Product A | C7: Electronics | D7: 120
A8: 102 | B8: Product B | C8: Furniture | D8: 150
A9: 103 | B9: Product C | C9: Electronics | D9: 200
A10: 104 | B10: Product D | C10: Clothing | D10: 90
A11: 105 | B11: Product E | C11: Furniture | D11: 220
A12: 106 | B12: Product F | C12: Electronics | D12: 130

Sheet Orders
A1: Worksheet 2 :Orders
A3: Order ID | B3: Product ID | C3: Quantity | D3: UnitPrice | E3: Total Price | H3: 1. Use VLOOKUP to dynamically find the unit price for each ProductID in the
A4: 1 | B4: 101 | C4: 2 | H4: Orders worksheet and calculate the total price.
A5: 2 | B5: 103 | C5: 1 | H5: 2. Use nested VLOOKUP to find the category of each product in the Orders
A6: 3 | B6: 105 | C6: 4 | H6: worksheet.
A7: 4 | B7: 106 | C7: 3
A8: 5 | B8: 102 | C8: 5
A9: 6 | B9: 104 | C9: 6
A12: 1.USE VLOOKUP TO DYNAMICALLY FIND THE UNIT PRICE FOR EACH PRODUCTID IN THE ORDER WORKSHEET
A13: AND CALCULATE THE TOTAL PRICE
A15: Order ID | B15: Product ID | C15: Quantity | D15: UnitPrice | E15: Total Price
A16: 1 | B16: 101 | C16: 2 | D16: =VLOOKUP(B16,Product!$A$6:$D$12,4,0) -> 120 | E16: =C16*D16 -> 240
A17: 2 | B17: 103 | C17: 1 | D17: =VLOOKUP(B17,Product!$A$6:$D$12,4,0) -> 200 | E17: =C17*D17 -> 200
A18: 3 | B18: 105 | C18: 4 | D18: =VLOOKUP(B18,Product!$A$6:$D$12,4,0) -> 220 | E18: =C18*D18 -> 880
A19: 4 | B19: 106 | C19: 3 | D19: =VLOOKUP(B19,Product!$A$6:$D$12,4,0) -> 130 | E19: =C19*D19 -> 390
A20: 5 | B20: 102 | C20: 5 | D20: =VLOOKUP(B20,Product!$A$6:$D$12,4,0) -> 150 | E20: =C20*D20 -> 750
A21: 6 | B21: 104 | C21: 6 | D21: =VLOOKUP(B21,Product!$A$6:$D$12,4,0) -> 90 | E21: =C21*D21 -> 540
A24: 2.USE NESTED VLOOKUP TO FIND THE CATEGORY OF EACH PRODUCT IN THE ORDERS WORKSHEET.
A29: Order ID | B29: Product ID | C29: Quantity | D29: UnitPrice | E29: Total Price | F29: Category
A30: 1 | B30: 101 | C30: 2 | D30: =VLOOKUP(B30,Product!$A$6:$D$12,4,0) -> 120 | E30: =C30*D30 -> 240 | F30: =VLOOKUP(B30,Product!$A$6:$D$12,3,0) -> Electronics
A31: 2 | B31: 103 | C31: 1 | D31: =VLOOKUP(B31,Product!$A$6:$D$12,4,0) -> 200 | E31: =C31*D31 -> 200 | F31: =VLOOKUP(B31,Product!$A$6:$D$12,3,0) -> Electronics
A32: 3 | B32: 105 | C32: 4 | D32: =VLOOKUP(B32,Product!$A$6:$D$12,4,0) -> 220 | E32: =C32*D32 -> 880 | F32: =VLOOKUP(B32,Product!$A$6:$D$12,3,0) -> Furniture
A33: 4 | B33: 106 | C33: 3 | D33: =VLOOKUP(B33,Product!$A$6:$D$12,4,0) -> 130 | E33: =C33*D33 -> 390 | F33: =VLOOKUP(B33,Product!$A$6:$D$12,3,0) -> Electronics
A34: 5 | B34: 102 | C34: 5 | D34: =VLOOKUP(B34,Product!$A$6:$D$12,4,0) -> 150 | E34: =C34*D34 -> 750 | F34: =VLOOKUP(B34,Product!$A$6:$D$12,3,0) -> Furniture
A35: 6 | B35: 104 | C35: 6 | D35: =VLOOKUP(B35,Product!$A$6:$D$12,4,0) -> 90 | E35: =C35*D35 -> 540 | F35: =VLOOKUP(B35,Product!$A$6:$D$12,3,0) -> Clothing

Sheet Monthly Sales
A1: ADVANCED HLOOKUP EXERCISES :
A3: Worksheet :Monthly Sales
B5: JAN | C5: FEB | D5: MAR | E5: APR | F5: MAY | H5: 1. Use HLOOKUP to dynamically find the sales for Product B in a
A6: PRODUCT A | B6: 120 | C6: 130 | D6: 140 | E6: 150 | F6: 160 | H6: specified month.
A7: PRODUCT B | B7: 150 | C7: 160 | D7: 170 | E7: 180 | F7: 190
A8: PRODUCT C | B8: 200 | C8: 210 | D8: 220 | E8: 230 | F8: 240
A9: PRODUCT D | B9: 90 | C9: 100 | D9: 110 | E9: 120 | F9: 130
A10: PRODUCT E | B10: 220 | C10: 230 | D10: 240 | E10: 250 | F10: 260
A11: PRODUCT F | B11: 130 | C11: 140 | D11: 150 | E11: 160 | F11: 170
A14: 1. USE HLOOKUP TO DYNAMICALLY FIND THE SALES FOR PRODUCT B IN A SPECIFIED MONTH .
A18: Month | B18: Sales
A19: JAN | B19: =HLOOKUP(A19,A5:F11,3,0) -> 150
